tags,owner,is_answered,view_count,answer_count,score,last_activity_date,creation_date_A,last_edit_date,question_id,content_license,link_A,title,accepted_answer_id,closed_date,closed_reason,protected_date,badge_counts,account_id,is_employee,last_modified_date,last_access_date,reputation_change_year,reputation_change_quarter,reputation_change_month,reputation_change_week,reputation_change_day,reputation,creation_date_B,user_type,user_id,accept_rate,location,website_url,link_B,profile_image,display_name
"['python', 'linux', 'manjaro']","{'reputation': 11, 'user_id': 15763354, 'user_type': 'registered', 'profile_image': 'https://www.gravatar.com/avatar/e9e87ec0ecae1a0d985fefb55fc591b3?s=256&d=identicon&r=PG&f=1', 'display_name': 'SnackOverflow', 'link': 'https://stackoverflow.com/users/15763354/snackoverflow'}",False,32,0,1,1674265692,1674217005,1674265692.0,75183920,CC BY-SA 4.0,https://stackoverflow.com/questions/75183920/python-failing-to-mount-usb-drive,Python failing to mount USB drive,,,,,"{'bronze': 9130, 'silver': 9035, 'gold': 848}",11683,False,1674113076,1674252417,3734,3734,3734,1210,10,1380854,1222430705,registered,22656,86.0,"Reading, United Kingdom",http://csharpindepth.com,https://stackoverflow.com/users/22656/jon-skeet,https://www.gravatar.com/avatar/6d8ebb117e8d83d74ea95fbdd0f87e13?s=256&d=identicon&r=PG,Jon Skeet
"['apache', '.htaccess', 'parameters', 'query-string']","{'reputation': 11, 'user_id': 17315309, 'user_type': 'registered', 'profile_image': 'https://lh3.googleusercontent.com/a/AATXAJyJ_T1vrZ4kaWkzhnSFSRS6wnil1fsM8FArVMNX=k-s256', 'display_name': 'Diezel Sali', 'link': 'https://stackoverflow.com/users/17315309/diezel-sali'}",False,19,1,0,1674265681,1674258067,1674258819.0,75190268,CC BY-SA 4.0,https://stackoverflow.com/questions/75190268/i-am-having-issues-adding-multiple-url-parameters-to-the-same-line-in-htaccess,I am having issues adding multiple url parameters to the same line in .htaccess,,,,,"{'bronze': 764, 'silver': 622, 'gold': 54}",1165580,False,1673281200,1674161208,2349,2349,2349,775,0,1223769,1326311637,registered,1144035,,"New York, United States",http://www.data-miners.com,https://stackoverflow.com/users/1144035/gordon-linoff,https://www.gravatar.com/avatar/e514b017977ebf742a418cac697d8996?s=256&d=identicon&r=PG,Gordon Linoff
['flutter'],"{'reputation': 157, 'user_id': 18096205, 'user_type': 'registered', 'profile_image': 'https://lh3.googleusercontent.com/a/AATXAJzP7ynJSI5rarFiaIh7nbmmBj2apkDtiRe3Kv76=k-s256', 'display_name': 'Tdayo', 'link': 'https://stackoverflow.com/users/18096205/tdayo'}",False,1,0,0,1674265649,1674265649,,75190715,CC BY-SA 4.0,https://stackoverflow.com/questions/75190715/video-player-does-not-play-network-video-on-ios-simulator,video_player does not play network Video on IOS Simulator,,,,,"{'bronze': 5045, 'silver': 4238, 'gold': 506}",4243,False,1674264610,1674265386,4780,4780,4780,1395,0,1183805,1221344553,registered,6309,100.0,France,https://devstory.fyi/vonc,https://stackoverflow.com/users/6309/vonc,https://i.stack.imgur.com/I4fiW.jpg?s=256&g=1,VonC
"['javascript', 'chart.js']","{'reputation': 110, 'user_id': 5272881, 'user_type': 'registered', 'accept_rate': 50, 'profile_image': 'https://graph.facebook.com/540396166112529/picture?type=large', 'display_name': 'Merima Karić Begović', 'link': 'https://stackoverflow.com/users/5272881/merima-kari%c4%87-begovi%c4%87'}",True,9611,3,4,1674265617,1481104387,1531291939.0,41014278,CC BY-SA 4.0,https://stackoverflow.com/questions/41014278/how-to-change-cursor-style-to-pointer-on-hovering-over-points-of-the-chart,How to change cursor style to pointer on hovering over points of the chart?,51235636.0,,,,"{'bronze': 3535, 'silver': 3584, 'gold': 369}",52822,False,1674048000,1674246608,2169,2169,2169,551,0,1065220,1250527322,registered,157882,93.0,"Willemstad, Cura&#231;ao",https://balusc.omnifaces.org,https://stackoverflow.com/users/157882/balusc,https://www.gravatar.com/avatar/89927e2f4bde24991649b353a37678b9?s=256&d=identicon&r=PG,BalusC
"['listview', 'dialog', 'flutter-getx']","{'reputation': 148, 'user_id': 5533552, 'user_type': 'registered', 'profile_image': 'https://i.stack.imgur.com/gwl9I.jpg?s=256&g=1', 'display_name': 'Sapto Sutardi', 'link': 'https://stackoverflow.com/users/5533552/sapto-sutardi'}",False,2,0,0,1674265589,1674265589,,75190713,CC BY-SA 4.0,https://stackoverflow.com/questions/75190713/listview-rendering-error-on-getxs-get-defaultdialog-and-get-dialog,ListView rendering error on GetX&#39;s Get.defaultDialog and Get.dialog,,,,,"{'bronze': 2921, 'silver': 3269, 'gold': 267}",14332,False,1673617499,1674034896,1340,1340,1340,444,10,1011124,1224432467,registered,29407,86.0,"Sofia, Bulgaria",http://stackoverflow.com/search?q=user%3a29407&tab=newest,https://stackoverflow.com/users/29407/darin-dimitrov,https://www.gravatar.com/avatar/e3a181e9cdd4757a8b416d93878770c5?s=256&d=identicon&r=PG,Darin Dimitrov
"['git', 'visual-studio', 'git-config']","{'reputation': 1241, 'user_id': 5867244, 'user_type': 'registered', 'accept_rate': 55, 'profile_image': 'https://i.stack.imgur.com/aPFDA.jpg?s=256&g=1', 'display_name': 'Grigoryants Artem', 'link': 'https://stackoverflow.com/users/5867244/grigoryants-artem'}",True,16813,4,18,1674265558,1568282476,,57904284,CC BY-SA 4.0,https://stackoverflow.com/questions/57904284/where-is-visual-studios-git-exe-location,Where is Visual Studio&#39;s git.exe location?,57938031.0,,,,"{'bronze': 3289, 'silver': 3956, 'gold': 282}",35417,False,1673937600,1674214806,3837,3837,3837,1191,0,1008616,1241362437,moderator,100297,,"Cambridge, UK",http://www.zopatista.com/,https://stackoverflow.com/users/100297/martijn-pieters,https://www.gravatar.com/avatar/24780fb6df85a943c7aea0402c843737?s=256&d=identicon&r=PG,Martijn Pieters
"['javascript', 'recursion', 'flatten']","{'reputation': 29, 'user_id': 19833444, 'user_type': 'registered', 'profile_image': 'https://www.gravatar.com/avatar/5a1079acb102e9af46f621d3183be342?s=256&d=identicon&r=PG', 'display_name': 'vodeks', 'link': 'https://stackoverflow.com/users/19833444/vodeks'}",False,23,1,2,1674265556,1674263231,,75190587,CC BY-SA 4.0,https://stackoverflow.com/questions/75190587/what-is-the-time-complexity-of-flattening-an-array-recursively-utilizing-a-loop,What is the time complexity of flattening an array recursively utilizing a loop?,,,,,"{'bronze': 2873, 'silver': 2526, 'gold': 259}",11975,False,1673954006,1674249687,2564,2564,2564,883,0,1004338,1222667162,registered,23354,100.0,"Forest of Dean, United Kingdom",http://blog.marcgravell.com,https://stackoverflow.com/users/23354/marc-gravell,https://i.stack.imgur.com/CrVFH.png?s=256&g=1,Marc Gravell
"['python', 'yahoo-api']","{'reputation': 1, 'user_id': 21001620, 'user_type': 'registered', 'profile_image': 'https://www.gravatar.com/avatar/c6226528e151a9d6a8588fd23d6d9af8?s=256&d=identicon&r=PG', 'display_name': 'maxfactor', 'link': 'https://stackoverflow.com/users/21001620/maxfactor'}",False,119,2,0,1674265541,1673628612,1673628791.0,75112144,CC BY-SA 4.0,https://stackoverflow.com/questions/75112144/typeerror-string-indices-must-be-integers-when-trying-to-get-stock-info-from-ya,TypeError: string indices must be integers when trying to get stock info from Yahoo Finance,,,,,"{'bronze': 1830, 'silver': 1863, 'gold': 183}",52616,False,1674215705,1674237952,3521,3521,3521,1220,0,1002458,1250420422,registered,157247,91.0,United Kingdom,https://thenewtoys.dev,https://stackoverflow.com/users/157247/t-j-crowder,https://i.stack.imgur.com/lUM5Z.jpg?s=256&g=1,T.J. Crowder
"['c', 'c99', 'overloading']","{'reputation': 17756, 'user_id': 130640, 'user_type': 'registered', 'accept_rate': 91, 'profile_image': 'https://www.gravatar.com/avatar/584047ad5883f1044166af7078dd208b?s=256&d=identicon&r=PG', 'display_name': 'Imagist', 'link': 'https://stackoverflow.com/users/130640/imagist'}",True,4327,3,7,1674265530,1250897153,,1314613,CC BY-SA 2.5,https://stackoverflow.com/questions/1314613/is-there-a-reason-that-c99-doesnt-support-function-overloading,Is there a reason that C99 doesn&#39;t support function overloading?,1314686.0,,,,"{'bronze': 2428, 'silver': 2352, 'gold': 188}",39846,False,1673249405,1674262104,1708,1708,1708,561,10,973682,1243786808,registered,115145,84.0,"Pennsylvania, United States",https://commonsware.com,https://stackoverflow.com/users/115145/commonsware,https://i.stack.imgur.com/wDnd8.png?s=256&g=1,CommonsWare
"['cuda', 'gpu', 'nvidia-jetson', 'rdma', 'gpudirect']","{'reputation': 1, 'user_id': 21047675, 'user_type': 'registered', 'profile_image': 'https://lh3.googleusercontent.com/a/AEdFTp5NYpV--ULSPHdCI1dkV-4Dkq2Ike7Ivks6rMQJ=k-s256', 'display_name': 'Apex Intern', 'link': 'https://stackoverflow.com/users/21047675/apex-intern'}",False,27,0,-4,1674265499,1674195147,1674265499.0,75180356,,https://stackoverflow.com/questions/75180356/gpudirect-rdma-on-x86-linux-pc-driver-build-issue,"GPUDirect RDMA on X86 linux PC, driver build issue",,1674251148.0,Not suitable for this site,,"{'bronze': 1273, 'silver': 1136, 'gold': 180}",680,False,1674261602,1671152799,2660,2660,2660,876,2,925062,1218356820,registered,893,84.0,"Christchurch, New Zealand",https://hewgill.com,https://stackoverflow.com/users/893/greg-hewgill,https://www.gravatar.com/avatar/747ffa5da3538e66840ebc0548b8fd58?s=256&d=identicon&r=PG,Greg Hewgill
"['optimization', 'gekko', 'mixed-integer-programming']","{'reputation': 31, 'user_id': 20920714, 'user_type': 'registered', 'profile_image': 'https://www.gravatar.com/avatar/3113fd5e6affd066335096b3cf5dd4dc?s=256&d=identicon&r=PG', 'display_name': 'Emil Ollier', 'link': 'https://stackoverflow.com/users/20920714/emil-ollier'}",False,17,0,1,1674265492,1674230011,1674265492.0,75186381,CC BY-SA 4.0,https://stackoverflow.com/questions/75186381/why-do-i-get-wrong-results-in-my-gekko-optimization-when-i-integrate-a-switching,Why do I get wrong Results in my Gekko Optimization when I integrate a switching variable for fix-costs of Components?,,,,,"{'bronze': 2505, 'silver': 1668, 'gold': 145}",9266,False,1674165900,1674262015,1006,1006,1006,374,10,911595,1221698729,registered,17034,,"Madison, WI",,https://stackoverflow.com/users/17034/hans-passant,https://i.stack.imgur.com/Cii6b.png?s=256&g=1,Hans Passant
"['javascript', 'html', 'hash']","{'reputation': 11, 'user_id': 21010093, 'user_type': 'registered', 'profile_image': 'https://www.gravatar.com/avatar/f90b2dee249696f3aa18e882a49a3830?s=256&d=identicon&r=PG', 'display_name': 'StarrySkies', 'link': 'https://stackoverflow.com/users/21010093/starryskies'}",False,5,0,0,1674265485,1674265485,,75190709,CC BY-SA 4.0,https://stackoverflow.com/questions/75190709/how-do-you-de-hash-when-requested-by-the-system,How do you de-hash when requested by the system?,,,,,"{'bronze': 1309, 'silver': 1189, 'gold': 122}",10162,False,1674240903,1674074377,2169,2169,2169,633,0,890275,1221842906,registered,19068,,United Kingdom,,https://stackoverflow.com/users/19068/quentin,https://www.gravatar.com/avatar/1d2d3229ed1961d2bd81853242493247?s=256&d=identicon&r=PG,Quentin
"['javascript', 'cesiumjs']","{'reputation': 1, 'user_id': 9270164, 'user_type': 'registered', 'profile_image': 'https://lh3.googleusercontent.com/-USv_9IglSjU/AAAAAAAAAAI/AAAAAAAABC8/E6nVQr8TVHY/photo.jpg?sz=256', 'display_name': 'Jaspreet Kaur Banwait', 'link': 'https://stackoverflow.com/users/9270164/jaspreet-kaur-banwait'}",False,7,0,0,1674265478,1674265424,1674265478.0,75190705,CC BY-SA 4.0,https://stackoverflow.com/questions/75190705/cesium-update-entity-description,Cesium - update entity description,,,,,"{'bronze': 1953, 'silver': 1884, 'gold': 175}",15988,False,1674165900,1644608022,1528,1528,1528,464,0,855318,1225829805,registered,34397,87.0,New Jersey,https://SLaks.net,https://stackoverflow.com/users/34397/slaks,https://www.gravatar.com/avatar/7deca8ec973c3c0875e9a36e1e3e2c44?s=256&d=identicon&r=PG,SLaks
"['firemonkey', 'c++builder', 'rad-studio']","{'reputation': 13, 'user_id': 18639012, 'user_type': 'registered', 'profile_image': 'https://graph.facebook.com/10216282333329991/picture?type=large', 'display_name': 'Loststar', 'link': 'https://stackoverflow.com/users/18639012/loststar'}",True,35,1,0,1674265472,1674207754,1674265472.0,75182232,CC BY-SA 4.0,https://stackoverflow.com/questions/75182232/how-can-i-change-the-font-of-a-tlistboxs-items,How can I change the Font of a TListBox&#39;s items?,,,,,"{'bronze': 627, 'silver': 507, 'gold': 36}",4601727,False,1674064200,1674254453,5276,5276,5276,1490,0,846917,1402536093,registered,3732271,,,http://linkedin.com/in/akrun1,https://stackoverflow.com/users/3732271/akrun,https://www.gravatar.com/avatar/ee6e12042dc31b1ef27471482f9ff91f?s=256&d=identicon&r=PG&f=1,akrun
"['python-3.x', 'web-scraping']","{'reputation': 1, 'user_id': 21040473, 'user_type': 'registered', 'profile_image': 'https://www.gravatar.com/avatar/276fe3fca7c522591dba2193c2cd0eae?s=256&d=identicon&r=PG', 'display_name': 'Richard', 'link': 'https://stackoverflow.com/users/21040473/richard'}",False,4,0,0,1674265460,1674265460,,75190708,CC BY-SA 4.0,https://stackoverflow.com/questions/75190708/repeat-the-information-of-the-first-element,repeat the information of the first element,,,,,"{'bronze': 1927, 'silver': 1558, 'gold': 230}",8291,False,1674065705,1674251694,1862,1862,1862,550,0,836417,1221622605,registered,14860,100.0,,,https://stackoverflow.com/users/14860/paxdiablo,https://i.stack.imgur.com/vXG1F.png?s=256&g=1,paxdiablo
"['r', 'dplyr', 'tidyr', 'stringr']","{'reputation': 1, 'user_id': 20610602, 'user_type': 'registered', 'profile_image': 'https://lh3.googleusercontent.com/a/ALm5wu2LR3fvGNdR921XINIcvx0CCkQbwK8sMdBQxPvH=k-s256', 'display_name': 'Benjamin', 'link': 'https://stackoverflow.com/users/20610602/benjamin'}",False,4,0,0,1674265459,1674265459,,75190707,CC BY-SA 4.0,https://stackoverflow.com/questions/75190707/how-do-i-separate-strings-in-a-variable-and-place-them-into-new-variables,How do I separate strings in a variable and place them into new variables?,,,,,"{'bronze': 1388, 'silver': 1209, 'gold': 165}",34048,False,1673342700,1673805115,2110,2110,2110,690,0,836196,1240625354,registered,95810,80.0,"Sunnyvale, CA",http://www.aleax.it,https://stackoverflow.com/users/95810/alex-martelli,https://www.gravatar.com/avatar/e8d5fe90f1fe2148bf130cccd4dc311c?s=256&d=identicon&r=PG,Alex Martelli
"['google-chrome', 'google-chrome-extension']","{'reputation': 71, 'user_id': 18005471, 'user_type': 'registered', 'profile_image': 'https://lh3.googleusercontent.com/a/AATXAJxMeK2jqoquFyVEb5jmCe95BnK18Pc6gO-izWMb=k-s256', 'display_name': 'Walker', 'link': 'https://stackoverflow.com/users/18005471/walker'}",False,4,0,0,1674265450,1674265450,,75190706,CC BY-SA 4.0,https://stackoverflow.com/questions/75190706/chrome-automatically-highlighting-address-bar-on-new-tab-open,Chrome Automatically Highlighting Address Bar On New Tab Open,,,,,"{'bronze': 1646, 'silver': 1750, 'gold': 176}",64585,False,1673568301,1674223249,3220,3220,3220,1030,10,815143,1255610900,registered,190597,88.0,,,https://stackoverflow.com/users/190597/unutbu,https://www.gravatar.com/avatar/aabc98d5c6482ca0e1405ec97710f30a?s=256&d=identicon&r=PG&f=1,unutbu
"['swift', 'encodable']","{'reputation': 6398, 'user_id': 1056118, 'user_type': 'registered', 'accept_rate': 53, 'profile_image': 'https://www.gravatar.com/avatar/93d880973636b6e0017a8afe9b03ad03?s=256&d=identicon&r=PG', 'display_name': 'JAHelia', 'link': 'https://stackoverflow.com/users/1056118/jahelia'}",False,29,0,0,1674265438,1674245609,1674265438.0,75188938,CC BY-SA 4.0,https://stackoverflow.com/questions/75188938/adding-a-new-value-to-an-encodable-object,Adding a new value to an Encodable object,,,,,"{'bronze': 1442, 'silver': 1558, 'gold': 188}",24377,False,1673279400,1674088471,2058,2058,2058,740,0,792902,1233672960,registered,61974,,Denmark,http://careers.stackoverflow.com/markbyers/,https://stackoverflow.com/users/61974/mark-byers,https://www.gravatar.com/avatar/ad240ed5cc406759f0fd72591dc8ca47?s=256&d=identicon&r=PG,Mark Byers
"['r', 'package']","{'reputation': 8938, 'user_id': 296155, 'user_type': 'registered', 'accept_rate': 98, 'profile_image': 'https://www.gravatar.com/avatar/25ce2ab2f5e673e46208c1188a39e6ca?s=256&d=identicon&r=PG', 'display_name': 'Milktrader', 'link': 'https://stackoverflow.com/users/296155/milktrader'}",True,286533,4,257,1674265434,1270935980,1432909615.0,2615128,CC BY-SA 3.0,https://stackoverflow.com/questions/2615128/where-does-r-store-packages,Where does R store packages?,2615147.0,,,1494584981.0,"{'bronze': 837, 'silver': 913, 'gold': 181}",3748,False,1672856400,1674078126,1828,1828,1828,640,0,792828,1220976258,registered,5445,,Guatemala,http://codingspot.com,https://stackoverflow.com/users/5445/christian-c-salvad%c3%b3,https://www.gravatar.com/avatar/932fb89b9d4049cec5cba357bf0ae388?s=256&d=identicon&r=PG,Christian C. Salvad&#243;
"['javascript', 'php', 'html', 'checkbox']","{'reputation': 9, 'user_id': 19421765, 'user_type': 'registered', 'profile_image': 'https://www.gravatar.com/avatar/c326ce820b0b5660c951d6dffbc5a8ff?s=256&d=identicon&r=PG', 'display_name': 'DaTZcodie', 'link': 'https://stackoverflow.com/users/19421765/datzcodie'}",False,39,0,0,1674265408,1674254626,1674265408.0,75189970,CC BY-SA 4.0,https://stackoverflow.com/questions/75189970/how-to-filter-divs-by-checkbox-using-database-values,how to filter divs by checkbox using database values,,,,,"{'bronze': 1191, 'silver': 1260, 'gold': 88}",3465245,False,1674132000,1674249712,5134,5134,5134,1736,10,786240,1382300846,registered,2901002,97.0,"Bratislava, Slovakia",,https://stackoverflow.com/users/2901002/jezrael,https://i.stack.imgur.com/hMDvl.jpg?s=256&g=1,jezrael
"['r', 'cluster-analysis']","{'reputation': 1, 'user_id': 20994413, 'user_type': 'registered', 'profile_image': 'https://www.gravatar.com/avatar/2d6d32a6642e1f0e24137daf1f9f411b?s=256&d=identicon&r=PG', 'display_name': 'candidcorvid', 'link': 'https://stackoverflow.com/users/20994413/candidcorvid'}",False,17,0,0,1674265404,1674069485,1674265404.0,75164258,CC BY-SA 4.0,https://stackoverflow.com/questions/75164258/interpreting-jenks-breaks-and-creating-discrete-categories,Interpreting Jenks Breaks and Creating Discrete Categories,,,,,"{'bronze': 1128, 'silver': 1079, 'gold': 173}",76141,False,1673695800,1674242454,1875,1875,1875,518,10,780228,1259104089,registered,218196,100.0,Germany,http://felix-kling.de,https://stackoverflow.com/users/218196/felix-kling,https://i.stack.imgur.com/4P5DY.jpg?s=256&g=1,Felix Kling
"['firebase', 'cloud', 'billing']","{'reputation': 1, 'user_id': 7237039, 'user_type': 'registered', 'profile_image': 'https://www.gravatar.com/avatar/74511405c31f24171316e37d60a43222?s=256&d=identicon&r=PG&f=1', 'display_name': 'myDukan App', 'link': 'https://stackoverflow.com/users/7237039/mydukan-app'}",False,4,0,0,1674265404,1674265404,,75190704,CC BY-SA 4.0,https://stackoverflow.com/questions/75190704/firebase-account-suspended,Firebase Account suspended,,,,,"{'bronze': 1346, 'silver': 1325, 'gold': 150}",10930,False,1673299200,1546328601,1816,1816,1816,602,0,760899,1222135580,registered,20862,50.0,,,https://stackoverflow.com/users/20862/ignacio-vazquez-abrams,https://www.gravatar.com/avatar/2343ae368d3241278581ce6c87f62a25?s=256&d=identicon&r=PG,Ignacio Vazquez-Abrams
"['node.js', 'express']","{'reputation': 640, 'user_id': 17582798, 'user_type': 'registered', 'profile_image': 'https://lh3.googleusercontent.com/a/AATXAJx1Ra9RtZHHOfzSbEsy8CbiEIrvR_WzB715dQuT=k-s256', 'display_name': 'Bikas Lin', 'link': 'https://stackoverflow.com/users/17582798/bikas-lin'}",False,3,0,0,1674265380,1674265380,,75190703,CC BY-SA 4.0,https://stackoverflow.com/questions/75190703/how-can-i-save-data-temporary-and-return-it-in-express,How can I save data temporary and return it in express?,,,,,"{'bronze': 620, 'silver': 547, 'gold': 63}",262968,False,1673384701,1674263618,2350,2350,2350,765,0,745667,1292821840,registered,548225,90.0,"Bangalore, India",http://www.linkedin.com/in/anubhava,https://stackoverflow.com/users/548225/anubhava,https://www.gravatar.com/avatar/dab08478b226280d4a30894c9a7ed719?s=256&d=identicon&r=PG,anubhava
"['javascript', 'asynchronous', 'audio', 'html5-audio']","{'reputation': 67, 'user_id': 15114231, 'user_type': 'registered', 'profile_image': 'https://www.gravatar.com/avatar/2b5e4901b634103b25e545e074df14ff?s=256&d=identicon&r=PG&f=1', 'display_name': 'Chroma', 'link': 'https://stackoverflow.com/users/15114231/chroma'}",False,22,0,0,1674265377,1674260555,1674265377.0,75190442,CC BY-SA 4.0,https://stackoverflow.com/questions/75190442/anyone-know-why-this-javascript-async-function-is-failing-1-of-the-time,Anyone know why this Javascript Async Function is failing 1% of the time?,,,,,"{'bronze': 651, 'silver': 625, 'gold': 101}",10375,False,1674045005,1656491261,2606,2606,2606,828,0,730419,1221903545,registered,19563,,United Kingdom,,https://stackoverflow.com/users/19563/cb-bailey,https://www.gravatar.com/avatar/a8db27c91db97757a829c7971fd62b84?s=256&d=identicon&r=PG,CB Bailey
['figma'],"{'reputation': 1, 'user_id': 20843717, 'user_type': 'registered', 'profile_image': 'https://www.gravatar.com/avatar/a25b4ca73f30893af8719896687c8a0e?s=256&d=identicon&r=PG', 'display_name': 'Milly', 'link': 'https://stackoverflow.com/users/20843717/milly'}",False,4,0,0,1674265375,1674265375,,75190702,CC BY-SA 4.0,https://stackoverflow.com/questions/75190702/figma-exports-an-black-image,Figma exports an black image,,,,,"{'bronze': 1447, 'silver': 1225, 'gold': 147}",11948,False,1673617499,1674064291,1324,1324,1324,470,0,720583,1222642783,registered,23283,100.0,"Redmond, WA",http://blog.paranoidcoding.com/,https://stackoverflow.com/users/23283/jaredpar,https://www.gravatar.com/avatar/529ba429a58902bef56c2fcb672d5ccb?s=256&d=identicon&r=PG,JaredPar
"['flutter', 'dart', 'flutter-localizations']","{'reputation': 46, 'user_id': 12945445, 'user_type': 'registered', 'profile_image': 'https://www.gravatar.com/avatar/3022a8bbc16012aea02f36cfa0fa80be?s=256&d=identicon&r=PG&f=1', 'display_name': 'ibrahim Eltayfe', 'link': 'https://stackoverflow.com/users/12945445/ibrahim-eltayfe'}",False,3,0,0,1674265370,1674265370,,75190701,CC BY-SA 4.0,https://stackoverflow.com/questions/75190701/how-to-access-flutter-localization-without-a-context,How to access flutter localization without a context,,,,,"{'bronze': 1442, 'silver': 1320, 'gold': 173}",7633,False,1673620504,1674249017,1337,1337,1337,557,0,720452,1221588555,registered,13302,99.0,"Bern, Switzerland",,https://stackoverflow.com/users/13302/marc-s,https://www.gravatar.com/avatar/b4779212f57ff2e9549ea90a4499c2d7?s=256&d=identicon&r=PG,marc_s
['r'],"{'reputation': 6848, 'user_id': 568249, 'user_type': 'registered', 'accept_rate': 88, 'profile_image': 'https://www.gravatar.com/avatar/de1c1bf8393206415463491920067f8b?s=256&d=identicon&r=PG', 'display_name': 'Berk U.', 'link': 'https://stackoverflow.com/users/568249/berk-u'}",True,108723,4,36,1674265365,1360562375,,14806705,CC BY-SA 3.0,https://stackoverflow.com/questions/14806705/manually-downloading-and-installing-packages-in-r,Manually Downloading and Installing Packages in R,14806790.0,,,1527401378.0,"{'bronze': 1255, 'silver': 890, 'gold': 138}",8423,False,1673125800,1674260021,1490,1490,1490,373,0,716414,1221633947,registered,15168,100.0,"Colorado, USA",https://stackoverflow.com/users/15168,https://stackoverflow.com/users/15168/jonathan-leffler,https://i.stack.imgur.com/WtEI9.png?s=256&g=1,Jonathan Leffler
"['python', 'django', 'django-rest-framework']","{'reputation': 107, 'user_id': 20772913, 'user_type': 'registered', 'profile_image': 'https://www.gravatar.com/avatar/6701ed4fb14f63f7d6f433daae08b37c?s=256&d=identicon&r=PG', 'display_name': 'crawlingdev', 'link': 'https://stackoverflow.com/users/20772913/crawlingdev'}",False,6,0,0,1674265360,1674265360,,75190700,CC BY-SA 4.0,https://stackoverflow.com/questions/75190700/django-rest-framework-how-do-i-get-the-id-i-use-in-the-url,Django Rest Framework how do I get the id I use in the URL,,,,,"{'bronze': 596, 'silver': 480, 'gold': 53}",1613587,False,1674235802,1674260081,3607,3607,3607,1073,10,714498,1340993549,registered,1491895,69.0,"Arlington, MA",,https://stackoverflow.com/users/1491895/barmar,https://www.gravatar.com/avatar/82f9e178a16364bf561d0ed4da09a35d?s=256&d=identicon&r=PG,Barmar
"['flutter', 'firebase', 'firebase-app-check']","{'reputation': 28240, 'user_id': 693642, 'user_type': 'registered', 'accept_rate': 70, 'profile_image': 'https://www.gravatar.com/avatar/216e924557e99637a43181a5647bf7aa?s=256&d=identicon&r=PG', 'display_name': 'enchance', 'link': 'https://stackoverflow.com/users/693642/enchance'}",False,13,0,0,1674265358,1674235940,1674265358.0,75187483,CC BY-SA 4.0,https://stackoverflow.com/questions/75187483/firebase-what-signatures-should-be-present-in-settings,Firebase: What signatures should be present in Settings?,,,,,"{'bronze': 1503, 'silver': 1085, 'gold': 81}",134022,False,1674165900,1674218366,630,630,630,130,0,707298,1273269250,registered,335858,81.0,United States,http://stackoverflow.com/users/335858/dasblinkenlight,https://stackoverflow.com/users/335858/sergey-kalinichenko,https://www.gravatar.com/avatar/4af3541c00d591e9a518b9c0b3b1190a?s=256&d=identicon&r=PG,Sergey Kalinichenko
"['c', 'pointers', 'linked-list', 'global']","{'reputation': 1, 'user_id': 21053239, 'user_type': 'registered', 'profile_image': 'https://www.gravatar.com/avatar/34ea78c599e14435ebcd51115c8cf87c?s=256&d=identicon&r=PG', 'display_name': 'themanwiththeplan', 'link': 'https://stackoverflow.com/users/21053239/themanwiththeplan'}",False,4,0,0,1674265345,1674265345,,75190699,CC BY-SA 4.0,https://stackoverflow.com/questions/75190699/c-programming-challenge-global-memory-allocation-for-a-linked-list,C programming Challenge (global memory allocation for a linked list),,,,,"{'bronze': 1197, 'silver': 787, 'gold': 94}",47283,False,1674235802,1674229030,1427,1427,1427,530,-2,686129,1247815702,registered,139985,69.0,Australia,,https://stackoverflow.com/users/139985/stephen-c,https://www.gravatar.com/avatar/147c5a9cc1feec049c50da791ac7d144?s=256&d=identicon&r=PG,Stephen C
